Wikipedia's illustration for Gerrymandering.,https://i.redd.it/bqqx7vfj0vny.png,loodog,8650,0,566,False,2017-03-27 04:15:20
80% of deaths of children under age five are preventable.,http://i.imgur.com/ALO9XYm.jpg,thisisbillgates,3717,0,320,False,2015-09-17 15:36:40
International Phonetic Alphabet in English by Tyler Neyens,https://i.redd.it/zvkup1co5iw01.jpg,Cheshix,1097,0,48,False,2018-05-07 23:35:15
147 Words to Use Instead of Very,http://cdn.grammarcheck.net/very-infographic.jpg,Mamrem,871,0,39,False,2016-11-27 15:33:02
20 cognitive biases that affect your decisions,https://i.redd.it/p99nigu2757z.png,randomusefulbits,810,0,27,False,2017-07-02 10:46:45
Minimalist infographic. Poisonous vs venomous.,https://i.imgur.com/ADPq0IS.jpg,,783,0,44,False,2015-05-29 19:08:24
Logical fallacies: 35 ways to lose an argument [OC],https://i.redd.it/qaf6b9pp7l411.jpg,Christofsky3,782,0,58,False,2018-06-17 18:24:14
U.S. states renamed for countries with similarly sized economies,http://s.newsweek.com/sites/www.newsweek.com/files/styles/full/public/2016/06/07/0611stategdp.jpg,emoposer,757,0,135,False,2016-08-15 12:06:11
[OC] I proved Elastigirl is more thicc in Incredibles 2,https://i.redd.it/vmu8reyz8l611.png,SprainedShorts,751,0,34,False,2018-06-27 20:39:39
lifespan of animals,http://i.imgur.com/uFdx0ly.png,drbatookhanxx,729,0,70,False,2015-10-09 12:38:21
Amount of water pumped out of the Thai cave,https://multimedia.scmp.com/news/world/article/2154457/thai-cave-rescue/img/Luzhniki_Stadium.jpg,liketinytrees,717,0,33,False,2018-07-09 23:52:15
This Is What Every Element Is Used For,http://blogs.discovermagazine.com/d-brief/files/2016/11/Screen-Shot-2016-11-07-at-11.36.15-AM.jpg,askLubich,698,0,17,False,2016-11-08 20:27:27
Excel tricks to impress your boss,http://i.imgur.com/s8neQNJ.jpg,1Voice1Life,684,0,37,False,2016-01-27 15:19:24
How Instagram Started,http://i.imgur.com/ZN91tEZ.png,Sumit316,684,0,24,False,2015-06-28 17:26:10
How biased is your news source? You probably won’t agree with this chart,https://i.redd.it/lmmqoenvbrk01.jpg,dnadosanddonts,684,0,182,False,2018-03-09 16:35:23
How to jump start a car,https://i.redd.it/gzjm55nyziuy.jpg,HighAlch,675,0,47,False,2017-04-29 19:18:01
"ikigai - “a reason to live”, or the Japanese idea of having a purpose in life.",https://i.redd.it/hu36l1ax3k701.jpg,Dragonswim,655,0,16,False,2018-01-03 16:23:35
Where we donate vs. diseases that kill us,http://cdn3.vox-cdn.com/uploads/chorus_asset/file/663618/Donating.vs.Death-Graph.0.jpg,imitationcheese,658,0,67,False,2014-08-22 16:48:47
A visualisation of black people's experience in America.,https://i.redd.it/785atxjyrng01.jpg,Didntstartthefire,650,0,147,False,2018-02-17 00:22:43
List of common misconceptions and myths,https://i.redd.it/onpd2da7x01z.png,randomusefulbits,641,0,53,False,2017-06-01 13:59:30
The Distribution of Wealth in the United States,https://41.media.tumblr.com/a3c18e1a0696009e9254a76001ccb3b7/tumblr_ntzvv4GSdJ1qj88rjo1_500.jpg,pizzaiolo_,616,0,57,False,2015-09-01 15:20:22
Cornell Notemaking Method,http://i.imgur.com/MQbDQJ7.png,Sumit316,615,0,23,False,2015-12-26 18:51:08
Trump cabinet infographic from Economist,https://i.reddituploads.com/0edca7599b894811a9e9cd890ab39ef2?fit=max&h=1536&w=1536&s=d55b7202052b666de854d5123c514e1b,dabderax,609,0,110,False,2017-01-20 23:17:46
"Esperanto, the easiest language in the world",https://i.imgur.com/ATqgg4H.png,pizzaiolo_,605,0,80,False,2015-10-05 14:36:21
I caught a scammer on Amazon who was gaming the review system.,http://i.imgur.com/jqXKdCy.jpg,MemeConfusion,601,0,51,False,2015-12-04 14:59:54
Guide to Figuring out the Age of an Undated World Map,http://i.imgur.com/9XnUlso.png,AJgloe,601,0,12,False,2016-08-08 04:03:39
Largest Employers in Every State [Map] [OC],http://graduate.olivet.edu/sites/default/files/largest-employers-map.png,iliadmusic,597,0,56,False,2017-01-05 23:43:12
The 7-Minute Workout That Science Says Actually Works,http://i.imgur.com/z8plBCo.jpg,davidtax,596,0,52,False,2017-01-18 16:54:01
"128 Words to Use Instead of ""Very""",http://i.imgur.com/L5lA8IN.jpg,twonesix,587,0,27,False,2016-08-23 21:33:46
We Didn't Start the Fire: a pictorial chronology [OC],https://i.redd.it/5gb7b51j6z7z.jpg,Udzu,578,0,39,False,2017-07-06 16:09:38
